IT01857000549;Star Comics;http://www.starcomics.com/;1;info@starcomics.it;1;05428965457;1;05429876541;
IT02701991206;Planet Manga;http://www.paninicomics.it/;1;info@planetmanga.it;2;01234567899;01234567900;1;01234567898;
IT05077320967;J-Pop;http://www.j-pop.it/;1;info@jpop.it;1;04561234567;1;04561234578;
IT02190631206;Flashbook;http://www.flashbook-edizioni.it/;1;info@flashbook.it;1;07894561230;1;07894561231;
IT02273730032;Goen;http://www.rwedizioni.it/news/goen/;1;info@goen.it;1;07891234569;1;07891234568;
IT04265590374;Dynit;http://www.dynit.it/;1;info@dynit.it;1;02546674078;1;02546674079;
IT09626440011;Hikari - 001 Edizioni;http://www.001edizioni.com/;1;info@hikari.it;1;03216549874;1;03216549871;
IT02150860969;Yamato Video;http://www.yamatovideo.com/;1;info@yamatovideo.it;1;02569873210;1;02569873211;
IT01880311004;Lucky Red;http://www.luckyred.it/;1;info@luckyred.it;1;01472583697;1;01472583699;