VLLLCU90D08F382D;Luca;Vallerini;1990-04-08;luca.vallerini@studenti.unipd.it;Via Rialto;5;35040;Barbona;PD;1;04526689987;luca90;vallerini;Attivo;Tesserato;2015-01-01;2015-12-31;3;15.00;15;Titolare;2015-01-05;
RSSMRC92D12F487A;Marco;Rossi;1992-04-12;marco.rossi@esempio.it;Via Roma;1;20145;Rovigo;RO;2;02316549874;3476599547;marco92;rossi;Attivo;Tesserato;2015-01-01;2015-12-31;1;2.00;10;Titolare;2015-02-05;
VRDNDR95A01H456E;Andrea;Verdi;1995-01-01;andrea.verdi@gmail.it;Via Jappelli;13;21002;Padova;PD;1;3485559878;andrea95;verdi;Attivo;Tesserato;2015-01-01;2015-12-31;1;2.00;10;Venditore3;2015-01-15;
RZZSRN90T70F789X;Serena;Rizzi;1990-10-30;serena.rizzi@hotmail.it;Via Spino;254;14569;Sant'Urbano;PD;1;3389876541;serena90;rizzi;Attivo;Tesserato;2015-01-01;2015-12-31;2;5;10;Venditore2;2015-01-13;
BRTLRA93D55G564D;Lara;Berto;1993-04-15;lara.berto@live.it;Via Bersaglieri;45;22300;Lendinara;RO;1;3334567890;lara93;berto;Attivo;Tesserato;2015-01-01;2015-12-31;2;5;10;Venditore1;2015-01-12;